Workbook

Sheet Routes
A1: Route / Trip Type | B1: Commission Rate (AED)
A2: ORC | B2: 160
A3: UBF | B3: 35
A4: Impala | B4: 25
A5: Aujan | B5: 35
A6: Kingsley | B6: 25
A7: DIP to RAK | B7: 90
A8: DIP to Fujairah | B8: 100
A9: Crown | B9: 0
A10: Utmost | B10: 0
A11: Automech | B11: 0

Sheet Trip Log
A1: LOGISTIQUE WORLD WIDE LLC — TRIP LOG
A2: Blue cells = enter data | Gray cells = auto-calculated (do not edit) | Select driver and route from dropdowns
A5: Sl | B5: Date | C5: Driver Name | D5: Customer (auto) | E5: Route / Trip Type | F5: Truck No | G5: Trip Comm (auto, AED) | H5: Border Exp (AED) | I5: Diesel Exp (AED) | J5: Other Exp (AED) | K5: Total (auto, AED)
A6: 1 | D6: =IFERROR(VLOOKUP(E6,Routes!$A$2:$D$100,3,0),"") | G6: =IFERROR(IF(E6<>"",VLOOKUP(E6,Routes!$A$2:$B$100,2,0),""),"") | K6: =IFERROR(IF(E6<>"",G6+IF(H6="",0,H6)+IF(I6="",0,I6)+IF(J6="",0,J6),""),"")
A7: =+A6+1 | D7: =IFERROR(VLOOKUP(E7,Routes!$A$2:$D$100,3,0),"") | G7: =IFERROR(IF(E7<>"",VLOOKUP(E7,Routes!$A$2:$B$100,2,0),""),"") | K7: =IFERROR(IF(E7<>"",G7+IF(H7="",0,H7)+IF(I7="",0,I7)+IF(J7="",0,J7),""),"")
A8: =+A7+1 | D8: =IFERROR(VLOOKUP(E8,Routes!$A$2:$D$100,3,0),"") | G8: =IFERROR(IF(E8<>"",VLOOKUP(E8,Routes!$A$2:$B$100,2,0),""),"") | K8: =IFERROR(IF(E8<>"",G8+IF(H8="",0,H8)+IF(I8="",0,I8)+IF(J8="",0,J8),""),"")
A9: =+A8+1 | D9: =IFERROR(VLOOKUP(E9,Routes!$A$2:$D$100,3,0),"") | G9: =IFERROR(IF(E9<>"",VLOOKUP(E9,Routes!$A$2:$B$100,2,0),""),"") | K9: =IFERROR(IF(E9<>"",G9+IF(H9="",0,H9)+IF(I9="",0,I9)+IF(J9="",0,J9),""),"")
A10: =+A9+1 | D10: =IFERROR(VLOOKUP(E10,Routes!$A$2:$D$100,3,0),"") | G10: =IFERROR(IF(E10<>"",VLOOKUP(E10,Routes!$A$2:$B$100,2,0),""),"") | K10: =IFERROR(IF(E10<>"",G10+IF(H10="",0,H10)+IF(I10="",0,I10)+IF(J10="",0,J10),""),"")
A11: =+A10+1 | D11: =IFERROR(VLOOKUP(E11,Routes!$A$2:$D$100,3,0),"") | G11: =IFERROR(IF(E11<>"",VLOOKUP(E11,Routes!$A$2:$B$100,2,0),""),"") | K11: =IFERROR(IF(E11<>"",G11+IF(H11="",0,H11)+IF(I11="",0,I11)+IF(J11="",0,J11),""),"")
A12: =+A11+1 | D12: =IFERROR(VLOOKUP(E12,Routes!$A$2:$D$100,3,0),"") | G12: =IFERROR(IF(E12<>"",VLOOKUP(E12,Routes!$A$2:$B$100,2,0),""),"") | K12: =IFERROR(IF(E12<>"",G12+IF(H12="",0,H12)+IF(I12="",0,I12)+IF(J12="",0,J12),""),"")
A13: =+A12+1 | D13: =IFERROR(VLOOKUP(E13,Routes!$A$2:$D$100,3,0),"") | G13: =IFERROR(IF(E13<>"",VLOOKUP(E13,Routes!$A$2:$B$100,2,0),""),"") | K13: =IFERROR(IF(E13<>"",G13+IF(H13="",0,H13)+IF(I13="",0,I13)+IF(J13="",0,J13),""),"")
A14: =+A13+1 | D14: =IFERROR(VLOOKUP(E14,Routes!$A$2:$D$100,3,0),"") | G14: =IFERROR(IF(E14<>"",VLOOKUP(E14,Routes!$A$2:$B$100,2,0),""),"") | K14: =IFERROR(IF(E14<>"",G14+IF(H14="",0,H14)+IF(I14="",0,I14)+IF(J14="",0,J14),""),"")
A15: =+A14+1 | D15: =IFERROR(VLOOKUP(E15,Routes!$A$2:$D$100,3,0),"") | G15: =IFERROR(IF(E15<>"",VLOOKUP(E15,Routes!$A$2:$B$100,2,0),""),"") | K15: =IFERROR(IF(E15<>"",G15+IF(H15="",0,H15)+IF(I15="",0,I15)+IF(J15="",0,J15),""),"")
A16: =+A15+1 | D16: =IFERROR(VLOOKUP(E16,Routes!$A$2:$D$100,3,0),"") | G16: =IFERROR(IF(E16<>"",VLOOKUP(E16,Routes!$A$2:$B$100,2,0),""),"") | K16: =IFERROR(IF(E16<>"",G16+IF(H16="",0,H16)+IF(I16="",0,I16)+IF(J16="",0,J16),""),"")
A17: =+A16+1 | D17: =IFERROR(VLOOKUP(E17,Routes!$A$2:$D$100,3,0),"") | G17: =IFERROR(IF(E17<>"",VLOOKUP(E17,Routes!$A$2:$B$100,2,0),""),"") | K17: =IFERROR(IF(E17<>"",G17+IF(H17="",0,H17)+IF(I17="",0,I17)+IF(J17="",0,J17),""),"")
A18: =+A17+1 | D18: =IFERROR(VLOOKUP(E18,Routes!$A$2:$D$100,3,0),"") | G18: =IFERROR(IF(E18<>"",VLOOKUP(E18,Routes!$A$2:$B$100,2,0),""),"") | K18: =IFERROR(IF(E18<>"",G18+IF(H18="",0,H18)+IF(I18="",0,I18)+IF(J18="",0,J18),""),"")
... A86: =+A85+1 | D86: =IFERROR(VLOOKUP(E86,Routes!$A$2:$D$100,3,0),"") | G86: =IFERROR(IF(E86<>"",VLOOKUP(E86,Routes!$A$2:$B$100,2,0),""),"") | K86: =IFERROR(IF(E86<>"",G86+IF(H86="",0,H86)+IF(I86="",0,I86)+IF(J86="",0,J86),""),"")
